{
    "ActualTherapy": {
        "1630716919.596286": -0.72506454377644,
        "1630716919.797821": -0.3236568977819888,
        "1630716919.983641": -0.2397202477736834,
        "1630716920.200664": -0.25981082426109864,
        "1630716920.417541": -0.32197462096026486,
        "1630716920.572568": -0.49972938960732877,
        "1630716920.774103": -0.8256026391243607,
        "1630716920.959802": -1.1726513965052618,
        "1630716921.19235": -1.5376004454242365,
        "1630716921.393885": -2.0466848208005577,
        "1630716921.579918": -2.843625448359282,
        "1630716921.765949": -3.922909884328206,
        "1630716921.998493": -4.491860760447412,
        "1630716922.200026": -6.208853851771822,
        "1630716922.355053": -5.134195853613233,
        "1630716922.556588": -3.9463029346030942,
        "1630716922.804633": -2.911727041598337,
        "1630716922.975163": -2.027010601071568,
        "1630716923.161194": -1.5628201756765536,
        "1630716923.36273": -1.493206918875862,
        "1630716923.579767": -1.537604952341821,
        "1630716923.765801": -1.3893103988323883,
        "1630716923.998342": -1.422270422553407,
        "1630716924.21538": -1.5843450221246247,
        "1630716924.416914": -1.9449489588163484,
        "1630716924.571941": -1.4945761998495855,
        "1630716924.773477": -1.1319322694287655,
        "1630716924.944008": -0.8731224249379428,
        "1630716925.207554": -0.7730171243969995,
        "1630716925.394085": -0.6459433916646276,
        "1630716925.579619": -0.5368394912423966,
        "1630716925.76565": -0.47055067944567747,
        "1630716925.982689": -0.46995360796404334,
        "1630716926.184223": -0.49502277481775037,
        "1630716926.370259": -0.49522973036292284,
        "1630716926.602797": -0.6210165361305714,
        "1630716926.804334": -0.8070955711583248,
        "1630716926.990865": -1.270530676859906,
        "1630716927.160896": -2.4078729992803374,
        "1630716927.346928": -4.23283765268655,
        "1630716927.563966": -5.231201366962163,
        "1630716927.765503": -5.347816156766282,
        "1630716927.93603": -13.28446395532986,
        "1630716928.122064": 26.74815946081484,
        "1630716928.354607": 9.730430472041403,
        "1630716928.571642": 9.537310968812267,
        "1630716928.757675": 11.842073037316023,
        "1630716928.943707": 14.91827012045807,
        "1630716929.176748": 23.218039088762556,
        "1630716929.346778": 25.154741653322343,
        "1630716929.548314": 12.330141401694723,
        "1630716929.765352": 9.143388914634508,
        "1630716929.982389": 9.933370070844118,
        "1630716930.137417": 8.075236501558189,
        "1630716930.338952": 5.746731412303538,
        "1630716930.524985": 4.03823916924915,
        "1630716930.757526": 3.8038781920196496,
        "1630716930.959061": 4.272114800019114,
        "1630716931.145093": 4.81674164884495,
        "1630716931.315624": 4.14916159479336,
        "1630716931.548164": 3.384630381577757,
        "1630716931.765202": 3.0557095113054666,
        "1630716931.92023": 2.688335586937954,
        "1630716932.121764": 2.2322965611432393,
        "1630716932.354306": 2.0032675023233066,
        "1630716932.540338": 1.809744689698198,
        "1630716932.72637": 1.6266242175113632,
        "1630716932.912402": 1.5157043778500898,
        "1630716933.144946": 1.4403222560537927,
        "1630716933.34648": 1.4024975708225622,
        "1630716933.532512": 1.4420429046838172,
        "1630716933.718545": 1.4411041847422201,
        "1630716933.966587": 1.5043576788154982,
        "1630716934.121614": 1.428306049337818,
        "1630716934.32315": 1.4591945271203937,
        "1630716934.509183": 1.9064245297437814,
        "1630716934.741723": 3.055409400568154,
        "1630716934.958761": 4.345806529302043,
        "1630716935.113789": 4.9813034699066,
        "1630716935.315324": 4.761056901012498,
        "1630716935.563367": 3.774852286115434,
        "1630716935.718395": 3.106276696173322,
        "1630716935.919931": 2.5041593430121454,
        "1630716936.105962": 2.4275972341070347,
        "1630716936.338504": 2.6593129816921532,
        "1630716936.524536": 2.9585704490989175,
        "1630716936.741574": 3.3274352542073835,
        "1630716936.896601": 11.269775066164273,
        "1630716937.144647": -6.710894812862248,
        "1630716937.315174": -2.414589186951105,
        "1630716937.532108": -1.5274535958995956,
        "1630716937.702661": -1.203617728928951,
        "1630716937.934718": -1.0017354225171493,
        "1630716938.135611": -0.8899963763838722,
        "1630716938.306225": -0.7850005292930312,
        "1630716938.506616": -0.6866332831576105,
        "1630716938.7391": -0.6503345239387388,
        "1630716938.924556": -0.58035081794078,
        "1630716939.126097": -0.4929336100174154,
        "1630716939.280826": -0.40718158017353334,
        "1630716939.513708": -0.33279657103175875,
        "1630716939.714372": -0.2944656349563773,
        "1630716939.915578": -0.2750367543393065,
        "1630716940.086326": -0.2648686515013287,
        "1630716940.318756": -0.26380013645410855,
        "1630716940.504441": -0.24872592066983706,
        "1630716940.704987": -0.23119345904301683,
        "1630716940.890502": -0.22118350631200467,
        "1630716941.123129": -0.21566637295266172,
        "1630716941.293339": -0.2164934433408064,
        "1630716941.494567": -0.2600935977893728,
        "1630716941.680608": -0.30604213722730933,
        "1630716941.944155": -0.31553414973673805,
        "1630716942.099182": -0.32920469560878746,
        "1630716942.300717": -0.39646688184118933,
        "1630716942.486749": -0.5502986447715602,
        "1630716942.703787": -0.7898944364570746,
        "1630716942.920825": -0.9221685086240885,
        "1630716943.122362": -0.7926758798321649,
        "1630716943.27739": -0.7178784645926284,
        "1630716943.50993": -0.6688227127374242,
        "1630716943.726968": -0.6166196771771298,
        "1630716943.881995": -0.6060099721881548,
        "1630716944.068027": -0.6012498810738451,
        "1630716944.300567": -0.5459114655917316,
        "1630716944.502103": -0.46592358276131346,
        "1630716944.672633": -0.48340540155553363,
        "1630716944.874168": -0.532793066762058,
        "1630716945.122211": -0.5762415764912352,
        "1630716945.308244": -0.5416399683415698,
        "1630716945.494276": -0.48666705817422745,
        "1630716945.664807": -0.45920657900239215,
        "1630716945.897346": -0.3633007122177994,
        "1630716946.08338": -0.24845813112925041,
        "1630716946.300418": -0.1447046713860746,
        "1630716946.455446": -0.07579988078115052,
        "1630716946.703488": -0.0470914705644268,
        "1630716946.905024": -0.030959304374509992,
        "1630716947.060051": 0.0008924593482078367,
        "1630716947.261587": 0.018461188395769264,
        "1630716947.494127": 0.020174897193534946,
        "1630716947.695663": 0.008449738731662996,
        "1630716947.866195": 0.00286863184421737,
        "1630716948.052226": -0.004068629793191107,
        "1630716948.300269": -0.016376221927218538,
        "1630716948.486301": -0.033306724797579894,
        "1630716948.687836": -0.018298357676517614,
        "1630716948.842865": 0.010341296871790905,
        "1630716949.075405": 0.03038039627529072,
        "1630716949.27694": 0.04939254055863965,
        "1630716949.493977": 0.05484445712892745,
        "1630716949.633502": 0.053859846175966265,
        "1630716949.881546": 0.08050186416448427,
        "1630716950.08308": 0.06375217519139949,
        "1630716950.25361": 0.014993881227676534,
        "1630716950.439644": -0.06028553091854578,
        "1630716950.672184": -0.15176120830343598,
        "1630716950.858217": -0.19976432416326095,
        "1630716951.059752": -0.17628721430430072,
        "1630716951.261289": -0.16673274091655568,